CoV ID,Collision Time Range,Collision Date,Modes,Injury Type,Age,Gender,Latitude,Longitude
11,3:00-5:59,1/5/2008,Ped-Unk,Severe,70+,F,49.23594287,-123.042316
69,15:00-17:59,2/6/2008,Veh-Cyl,Severe,50-59,M,49.24516447,-123.0651533
78,9:00-11:59,2/12/2008,Ped-Unk,Severe,40-49,F,49.26171104,-123.1386286
82,,2/13/2008,Veh-Cyl,Severe,20-29,M,49.26407036,-123.1681743
97,12:00-14:59,2/17/2008,Veh-Ped,Severe,50-59,M,49.22696578,-123.1398433
101,15:00-17:59,2/20/2008,Veh-Cyl,Severe,50-59,M,49.24328535,-123.1013584
107,15:00-17:59,2/22/2008,Veh-Ped,Severe,40-49,M,49.27538156,-123.0454827
123,18:00-20:59,2/29/2008,Veh-Ped,Severe,60-69,M,49.21693867,-123.1168544
127,12:00-14:59,3/2/2008,Cyl-Unk,Severe,30-39,M,49.22929438,-123.0431213
173,6:00-8:59,3/19/2008,Veh-Ped,Severe,60-69,M,49.21083567,-123.0983775
179,21:00-23:59,3/20/2008,Veh-Ped,Severe,0-19,M,49.31555276,-123.138343
222,21:00-23:59,4/11/2008,Veh-Ped,Severe,20-29,F,49.27047382,-123.0657348
225,15:00-17:59,4/13/2008,Veh-Ped,Severe,70+,F,49.20292174,-123.077401
237,12:00-14:59,4/16/2008,Single Cyl,Severe,60-69,F,49.22170636,-123.1400535
296,0:00-2:59,5/10/2008,Veh-Ped,Severe,20-29,M,49.26586624,-123.1185906
308,21:00-23:59,5/13/2008,Veh-Ped,Severe,70+,M,49.26363738,-123.1410197
352,18:00-20:59,6/19/2008,Cyl-Unk,Severe,20-29,M,49.21693867,-123.1168544
355,18:00-20:59,6/20/2008,Cyl-Unk,Severe,20-29,F,49.2620134,-123.0508914
358,15:00-17:59,6/19/2008,Single Cyl,Severe,50-59,M,49.26423534,-123.0774644
369,21:00-23:59,6/24/2008,Veh-Ped,Severe,60-69,F,49.22581867,-123.1084144
376,6:00-8:59,6/26/2008,Veh-Cyl,Severe,30-39,M,49.2101449,-123.1171107
400,9:00-11:59,7/4/2008,Veh-Ped,Severe,30-39,F,49.2848084,-123.0596994
409,9:00-11:59,7/9/2008,Cyl-Unk,Severe,20-29,M,49.27156176,-123.13456
412,15:00-17:59,7/7/2008,Veh-Ped,Severe,70+,F,49.26231941,-123.0697627
478,6:00-8:59,8/2/2008,Veh-Cyl,Severe,30-39,M,49.25568046,-123.1012663
489,,8/5/2008,Veh-Cyl,Severe,50-59,M,49.24356487,-123.0618096
501,,8/8/2008,Veh-Ped,Severe,70+,F,49.28111793,-123.0235783
502,12:00-14:59,8/7/2008,Veh-Cyl,Severe,20-29,M,49.25011309,-123.0760987
512,,8/11/2008,Cyl-Unk,Severe,20-29,M,49.24000921,-123.0540294
514,18:00-20:59,8/13/2008,Single Cyl,Severe,20-29,M,49.23271452,-123.077031
516,,8/13/2008,Single Cyl,Severe,30-39,M,49.25151822,-123.0237291
536,9:00-11:59,8/17/2008,Veh-Ped,Severe,70+,F,49.28132157,-123.0770929
548,18:00-20:59,8/25/2008,Veh-Cyl,Severe,20-29,M,49.28336823,-123.1091831
560,18:00-20:59,8/30/2008,Single Cyl,Severe,20-29,M,49.24020915,-123.076405
562,12:00-14:59,8/31/2008,Single Cyl,Severe,20-29,M,49.26231941,-123.0697627
567,21:00-23:59,9/3/2008,Cyl-Unk,Severe,0-19,M,49.28133561,-123.0996488
576,12:00-14:59,9/7/2008,Cyl-Unk,Severe,30-39,M,49.26225375,-123.0609892
580,6:00-8:59,9/9/2008,Veh-Ped,Severe,70+,F,49.2694567,-123.0236427
585,9:00-11:59,9/10/2008,Veh-Ped,Severe,50-59,F,49.27277625,-123.1000281
590,15:00-17:59,9/12/2008,Veh-Ped,Severe,40-49,M,49.26035063,-123.1095621
591,12:00-14:59,9/13/2008,Single Cyl,Severe,30-39,M,49.26528825,-123.1348472
616,6:00-8:59,9/21/2008,Veh-Ped,Severe,60-69,F,49.2694567,-123.0236427
623,21:00-23:59,9/22/2008,Veh-Ped,Severe,50-59,F,49.20292174,-123.077401
626,15:00-17:59,9/26/2008,Veh-Ped,Severe,0-19,F,49.23209854,-123.0278777
638,18:00-20:59,10/2/2008,Single Cyl,Severe,40-49,M,49.27015192,-123.10257
653,9:00-11:59,10/5/2008,Veh-Ped,Severe,60-69,F,49.22391404,-123.1284112
657,12:00-14:59,10/7/2008,Single Cyl,Severe,50-59,M,49.26620292,-123.0546949
665,9:00-11:59,10/11/2008,Single Cyl,Severe,50-59,M,49.27966862,-123.1204281
668,18:00-20:59,10/13/2008,Veh-Ped,Severe,0-19,M,49.19938176,-123.135837
679,6:00-8:59,10/16/2008,Ped-Unk,Severe,70+,F,49.26263193,-123.0959911
681,18:00-20:59,10/17/2008,Veh-Ped,Severe,20-29,M,49.26556168,-123.0236652
693,21:00-23:59,10/20/2008,Veh-Cyl,Severe,20-29,M,49.19938176,-123.135837
697,15:00-17:59,10/20/2008,Veh-Ped,Severe,70+,F,49.25968436,-123.0852937
716,12:00-14:59,10/26/2008,Cyl-Cyl,Severe,30-39,M,49.26616005,-123.0919643
719,12:00-14:59,10/27/2008,Single Cyl,Severe,40-49,F,49.26417188,-123.0697267
722,6:00-8:59,10/28/2008,Veh-Cyl,Severe,30-39,M,49.19818075,-123.12405
725,12:00-14:59,10/29/2008,Veh-Ped,Severe,70+,F,49.28249189,-123.1280093
728,18:00-20:59,10/30/2008,Veh-Ped,Severe,70+,F,49.28235465,-123.1144493
738,21:00-23:59,11/1/2008,Veh-Ped,Severe,50-59,M,49.2694567,-123.0236427
769,0:00-2:59,11/8/2008,Veh-Ped,Severe,20-29,M,49.23289146,-123.0905577
776,15:00-17:59,11/11/2008,Veh-Ped,Severe,20-29,F,49.26641004,-123.1008131
786,12:00-14:59,11/15/2008,Single Cyl,Severe,20-29,M,49.28305911,-123.1172662
800,12:00-14:59,11/21/2008,Veh-Ped,Severe,20-29,M,49.23415345,-123.0358766
828,18:00-20:59,12/1/2008,Ped-Unk,Severe,50-59,F,49.25467515,-123.1851392
836,12:00-14:59,12/5/2008,Veh-Ped,Severe,30-39,F,49.24186874,-123.1393225
838,15:00-17:59,12/5/2008,Veh-Ped,Severe,30-39,M,49.26878133,-123.1383628
850,9:00-11:59,12/13/2008,Veh-Ped,Severe,50-59,F,49.26238115,-123.0775006
859,15:00-17:59,12/16/2008,Veh-Ped,Severe,40-49,M,49.20543212,-123.0233584
863,18:00-20:59,12/21/2008,Veh-Ped,Severe,50-59,M,49.2240791,-123.1399584
878,21:00-23:59,1/9/2009,Veh-Ped,Severe,50-59,M,49.26340646,-123.1265892
886,3:00-5:59,10/27/2008,Cyl-Unk,Severe,20-29,F,49.21376177,-123.0770884
898,18:00-20:59,1/22/2009,Veh-Cyl,Severe,20-29,M,49.26242723,-123.0833018
903,12:00-14:59,1/23/2009,Veh-Ped,Severe,30-39,M,49.23433032,-123.139588
906,18:00-20:59,1/23/2009,Veh-Ped,Severe,40-49,M,49.2339516,-123.1280743
908,18:00-20:59,1/23/2009,Veh-Cyl,Severe,40-49,M,49.26949777,-123.046944
927,18:00-20:59,2/2/2009,Veh-Ped,Severe,30-39,M,49.28107814,-123.1075727
956,18:00-20:59,2/12/2009,Veh-Ped,Severe,20-29,M,49.2283215,-123.1397968
971,18:00-20:59,2/23/2009,Veh-Ped,Severe,20-29,F,49.27764881,-123.0772095
995,15:00-17:59,3/4/2009,Veh-Cyl,Severe,20-29,M,49.25956122,-123.0698156
1019,21:00-23:59,3/15/2009,Veh-Ped,Severe,70+,F,49.26367551,-123.1433878
1027,21:00-23:59,3/21/2009,Veh-Ped,Severe,20-29,M,49.23740032,-123.0236438
1029,,3/22/2009,Cyl-Cyl,Severe,30-39,M,49.26731409,-123.1007751
1038,9:00-11:59,3/25/2009,Veh-Ped,Severe,40-49,M,49.24481981,-123.0644276
1048,9:00-11:59,3/29/2009,Veh-Ped,Severe,20-29,F,49.24481981,-123.0644276
1051,15:00-17:59,3/29/2009,Cyl-Unk,Severe,20-29,M,49.22018017,-123.0412907
1054,9:00-11:59,3/31/2009,Veh-Cyl,Severe,20-29,M,49.26959959,-123.0696217
1108,,,Cyl-Cyl,Severe,60-69,M,49.20543212,-123.0233584
1126,,4/27/2009,Cyl-Unk,Severe,0-19,M,49.23594287,-123.042316
1140,18:00-20:59,5/3/2009,Single Cyl,Severe,30-39,M,49.27402757,-123.121378
1143,21:00-23:59,5/4/2009,Veh-Ped,Severe,20-29,F,49.26077176,-123.1386636
1154,21:00-23:59,5/8/2009,Single Cyl,Severe,50-59,M,49.26501853,-123.0619735
1213,18:00-20:59,5/28/2009,Veh-Ped,Severe,40-49,M,49.26910378,-123.2150242
1225,,5/25/2009,Single Cyl,Severe,20-29,M,49.25668169,-123.0777975
1250,,6/11/2009,Veh-Ped,Severe,60-69,M,49.23285761,-123.0588789
1256,18:00-20:59,6/13/2009,Veh-Cyl,Severe,20-29,M,49.26303087,-123.1635737
1282,12:00-14:59,6/26/2009,Veh-Ped,Severe,50-59,M,49.24926777,-123.1298262
1291,15:00-17:59,6/30/2009,Veh-Ped,Severe,50-59,M,49.26802663,-123.1456455
1319,15:00-17:59,7/10/2009,Veh-Cyl,Severe,70+,F,49.2581592,-123.0237109
1320,15:00-17:59,7/11/2009,Veh-Cyl,Severe,0-19,M,49.26460211,-123.1008882
1340,9:00-11:59,7/18/2009,Cyl-Cyl,Severe,60-69,M,49.26107962,-123.0977671
1389,18:00-20:59,8/1/2009,Veh-Ped,Severe,50-59,F,49.21935069,-123.1401475
1434,21:00-23:59,8/21/2009,Single Cyl,Severe,20-29,M,49.26916794,-123.1006969
1441,12:00-14:59,8/22/2009,Single Cyl,Severe,50-59,F,49.19938176,-123.135837
1457,12:00-14:59,8/26/2009,Veh-Ped,Severe,30-39,F,49.24020915,-123.076405
1463,21:00-23:59,8/28/2009,Veh-Ped,Severe,50-59,F,49.22547178,-123.0907739
1469,,8/28/2009,Cyl-Unk,Severe,20-29,M,49.2635595,-123.1360969
1481,0:00-2:59,9/5/2009,Ped-Unk,Severe,50-59,M,49.23240418,-123.0325063
1488,,9/9/2009,Cyl-Cyl,Severe,30-39,M,49.24143454,-123.1278187
1492,18:00-20:59,9/10/2009,Single Cyl,Severe,60-69,M,49.25959094,-123.0736857
1494,6:00-8:59,9/11/2009,Veh-Cyl,Severe,20-29,M,49.2339516,-123.1280743
1522,0:00-2:59,9/19/2009,Veh-Ped,Severe,20-29,M,49.26147817,-123.0833212
1534,12:00-14:59,9/23/2009,Ped-Unk,Severe,20-29,F,49.24723039,-123.1276189
1537,9:00-11:59,9/23/2009,Veh-Cyl,Severe,50-59,F,49.25120006,-123.1153127
1544,12:00-14:59,9/25/2009,Cyl-Unk,Severe,30-39,M,49.26852701,-123.179691
1556,18:00-20:59,9/28/2009,Ped-Unk,Severe,50-59,F,49.24108389,-123.1184367
1605,,10/10/2009,Veh-Cyl,Severe,40-49,M,49.24687916,-123.0688494
1610,6:00-8:59,10/15/2009,Veh-Ped,Severe,40-49,M,49.28111793,-123.0235783
1613,0:00-2:59,10/17/2009,Veh-Ped,Severe,20-29,M,49.21675203,-123.1019582
1625,18:00-20:59,10/25/2009,Veh-Ped,Severe,50-59,M,49.22720412,-123.1588021
1634,9:00-11:59,10/29/2009,Ped-Unk,Severe,40-49,F,49.20707081,-123.1244353
1648,21:00-23:59,11/3/2009,Veh-Ped,Severe,20-29,F,49.25388791,-123.1008753
1657,,,Veh-Ped,Severe,50-59,M,49.24188342,-123.05813
1665,6:00-8:59,11/13/2009,Veh-Ped,Severe,20-29,M,49.21462704,-123.0770784
1674,18:00-20:59,11/16/2009,Veh-Ped,Severe,40-49,M,49.26460211,-123.1008882
1675,,11/16/2009,Veh-Ped,Severe,40-49,M,49.23760254,-123.0488446
1678,15:00-17:59,11/18/2009,Veh-Ped,Severe,20-29,M,49.25673845,-123.1084005
1690,18:00-20:59,11/21/2009,Veh-Ped,Severe,40-49,F,49.23746815,-123.032623
1700,18:00-20:59,11/23/2009,Veh-Ped,Severe,50-59,M,49.26916794,-123.1006969
1707,0:00-2:59,11/27/2009,Veh-Ped,Severe,40-49,M,49.26291341,-123.1009596
1710,18:00-20:59,11/28/2009,Veh-Ped,Severe,50-59,M,49.24848074,-123.0761522
1711,15:00-17:59,11/28/2009,Cyl-Ped,Severe,60-69,F,49.27668737,-123.0955829
1712,15:00-17:59,11/28/2009,Veh-Ped,Severe,70+,F,49.27668737,-123.0955829
1713,15:00-17:59,11/28/2009,Veh-Ped,Severe,70+,M,49.22481648,-123.0547505
1726,21:00-23:59,12/9/2009,Veh-Ped,Severe,60-69,M,49.20543212,-123.0233584
1738,15:00-17:59,12/18/2009,Veh-Ped,Severe,70+,F,49.25709273,-123.1412628
1742,21:00-23:59,12/19/2009,Single Cyl,Severe,20-29,M,49.23354342,-123.1161922
1745,9:00-11:59,12/19/2009,Veh-Ped,Severe,60-69,F,49.27015192,-123.10257
1758,12:00-14:59,12/28/2009,Veh-Ped,Severe,60-69,M,49.27933833,-123.1132451
1773,15:00-17:59,1/6/2010,Single Cyl,Severe,0-19,M,49.25714702,-123.0907755
1782,18:00-20:59,1/8/2010,Veh-Ped,Severe,50-59,M,49.22325128,-123.0281469
1798,15:00-17:59,1/12/2010,Veh-Ped,Severe,60-69,F,49.26247366,-123.0891189
1827,18:00-20:59,1/18/2010,Veh-Ped,Severe,30-39,F,49.24229589,-123.1656042
1829,18:00-20:59,1/18/2010,Veh-Ped,Severe,60-69,M,49.26828096,-123.1622445
1831,18:00-20:59,1/19/2010,Veh-Ped,Severe,20-29,M,49.22194752,-123.0236066
1845,15:00-17:59,1/25/2010,Single Cyl,Severe,20-29,F,49.22611395,-123.1164924
1852,18:00-20:59,1/28/2010,Veh-Ped,Severe,70+,M,49.23133714,-123.1334392
1876,12:00-14:59,2/10/2010,Veh-Ped,Severe,70+,F,49.2298159,-123.1163429
1882,6:00-8:59,2/12/2010,Ped-Unk,Severe,20-29,F,49.27250186,-123.1502042
1895,18:00-20:59,2/17/2010,Veh-Ped,Severe,70+,M,49.24186874,-123.1393225
1918,21:00-23:59,2/26/2010,Veh-Ped,Severe,20-29,M,49.26244255,-123.0852366
1931,6:00-8:59,3/2/2010,Veh-Ped,Severe,70+,F,49.23456768,-123.1550098
1950,18:00-20:59,3/6/2010,Cyl-Unk,Severe,20-29,F,49.23259912,-123.1477498
1959,,8/18/2009,Single Cyl,Severe,60-69,M,49.26052674,-123.0775373
1974,9:00-11:59,3/18/2010,Veh-Cyl,Severe,50-59,M,49.23354342,-123.1161922
1982,0:00-2:59,3/22/2010,Single Cyl,Severe,0-19,F,49.26369805,-123.1009262
1996,21:00-23:59,3/27/2010,Veh-Ped,Severe,30-39,M,49.22472013,-123.1016646
2003,9:00-11:59,3/31/2010,Veh-Cyl,Severe,20-29,M,49.23271452,-123.077031
2015,21:00-23:59,4/5/2010,Veh-Ped,Severe,20-29,F,49.21111246,-123.0809961
2042,15:00-17:59,4/17/2010,Single Cyl,Severe,30-39,M,49.28251136,-123.1095463
2088,9:00-11:59,5/8/2010,Single Cyl,Severe,20-29,F,49.26019479,-123.1613601
2090,9:00-11:59,5/9/2010,Single Cyl,Severe,50-59,M,49.2826344,-123.1217906
2098,21:00-23:59,5/11/2010,Veh-Ped,Severe,30-39,F,49.24848074,-123.0761522
2101,18:00-20:59,5/13/2010,Single Cyl,Severe,50-59,F,49.20543212,-123.0233584
2170,15:00-17:59,6/10/2010,Veh-Cyl,Severe,30-39,M,49.19938176,-123.135837
2193,15:00-17:59,6/15/2010,Veh-Ped,Severe,0-19,F,49.22547178,-123.0907739
2219,,6/26/2010,Cyl-Unk,Severe,30-39,M,49.23209561,-123.1281377
2220,15:00-17:59,6/26/2010,Single Cyl,Severe,40-49,M,49.28445462,-123.1374857
2227,9:00-11:59,6/28/2010,Veh-Ped,Severe,50-59,F,49.19818075,-123.12405
2235,15:00-17:59,7/1/2010,Single Cyl,Severe,30-39,M,49.21109423,-123.1021937
2238,18:00-20:59,7/1/2010,Veh-Ped,Severe,60-69,F,49.22547178,-123.0907739
2239,9:00-11:59,7/2/2010,Single Cyl,Severe,30-39,F,49.28133561,-123.0996488
2246,21:00-23:59,7/6/2010,Veh-Cyl,Severe,30-39,F,49.2635524,-123.1908632
2255,12:00-14:59,7/10/2010,Single Cyl,Severe,30-39,F,49.26959959,-123.0696217
2291,,7/22/2010,Veh-Cyl,Severe,20-29,M,49.27744289,-123.0335834
2311,21:00-23:59,8/1/2010,Single Cyl,Severe,20-29,M,49.28048618,-123.1270559
2322,15:00-17:59,8/3/2010,Veh-Cyl,Severe,60-69,M,49.22665883,-123.1015732
2338,21:00-23:59,8/9/2010,Cyl-Unk,Severe,20-29,M,49.25588213,-123.0470379
2342,,8/11/2010,Single Cyl,Severe,30-39,M,49.26202789,-123.1019996
2371,,8/17/2010,Veh-Cyl,Severe,40-49,M,49.26285921,-123.099514
2396,,8/23/2010,Ped-Unk,Severe,50-59,F,49.27081775,-123.114945
2427,15:00-17:59,9/3/2010,Single Cyl,Severe,0-19,M,49.28113572,-123.0467044
2428,6:00-8:59,9/3/2010,Veh-Ped,Severe,20-29,F,49.2766259,-123.045461
2431,6:00-8:59,9/3/2010,Single Cyl,Severe,60-69,M,49.24617128,-123.1852216
2460,0:00-2:59,9/12/2010,Veh-Ped,Severe,20-29,F,49.22529435,-123.0772914
2468,18:00-20:59,9/13/2010,Veh-Cyl,Severe,40-49,M,49.26401429,-123.1646714
2488,18:00-20:59,9/22/2010,Single Cyl,Severe,20-29,F,49.21623026,-123.1362411
2505,,9/28/2010,Veh-Ped,Severe,40-49,F,49.23826489,-123.1533953
2507,21:00-23:59,9/29/2010,Veh-Cyl,Severe,20-29,F,49.24030608,-123.0903465
2534,,10/6/2010,Veh-Ped,Severe,30-39,M,49.25956122,-123.0698156
2540,18:00-20:59,10/11/2010,Cyl-Ped,Severe,20-29,M,49.26326048,-123.117503
2576,12:00-14:59,10/27/2010,Veh-Ped,Severe,70+,F,49.24030608,-123.0903465
2583,12:00-14:59,10/28/2010,Veh-Ped,Severe,60-69,M,49.27802515,-123.1307753
2629,6:00-8:59,11/17/2010,Veh-Ped,Severe,60-69,F,49.2402384,-123.0802583
2631,18:00-20:59,11/18/2010,Veh-Ped,Severe,30-39,F,49.21812717,-123.0770252
2646,15:00-17:59,11/20/2010,Veh-Ped,Severe,60-69,F,49.20937554,-123.1189441
2660,21:00-23:59,11/26/2010,Veh-Ped,Severe,40-49,M,49.21381278,-123.0415903
2671,21:00-23:59,11/26/2010,Veh-Ped,Severe,40-49,M,49.21837044,-123.1401816
2673,15:00-17:59,12/4/2010,Veh-Ped,Severe,70+,F,49.24455708,-123.0902436
2678,6:00-8:59,12/7/2010,Veh-Cyl,Severe,20-29,M,49.26889831,-123.1456172
2686,15:00-17:59,12/10/2010,Veh-Ped,Severe,20-29,M,49.25473165,-123.0337948
2689,15:00-17:59,12/10/2010,Veh-Ped,Severe,40-49,F,49.2217975,-123.0774229
2709,12:00-14:59,12/21/2010,Veh-Ped,Severe,40-49,F,49.23101339,-123.1234909
2714,12:00-14:59,12/26/2010,Veh-Ped,Severe,70+,F,49.21462704,-123.0770784
2721,6:00-8:59,12/30/2010,Veh-Ped,Severe,70+,F,49.25806543,-123.1940945
2724,21:00-23:59,1/1/2011,Ped-Unk,Severe,30-39,F,49.19818075,-123.12405
2746,12:00-14:59,6/22/2010,Veh-Cyl,Severe,50-59,M,49.26826217,-123.1610598
2747,6:00-8:59,1/13/2011,Veh-Ped,Severe,50-59,M,49.23805703,-123.1394596
2755,0:00-2:59,1/16/2011,Ped-Unk,Severe,30-39,F,49.27081775,-123.114945
2759,18:00-20:59,1/20/2011,Veh-Ped,Severe,70+,F,49.21812717,-123.0770252
2765,15:00-17:59,1/21/2011,Veh-Ped,Severe,70+,M,49.24356487,-123.0618096
2768,6:00-8:59,1/24/2011,Ped-Unk,Severe,70+,M,49.23805703,-123.1394596
2776,6:00-8:59,1/30/2011,Veh-Ped,Severe,20-29,F,49.23452274,-123.1520497
2781,21:00-23:59,2/1/2011,Veh-Ped,Severe,60-69,M,49.25965326,-123.0814249
2801,15:00-17:59,2/11/2011,Veh-Ped,Severe,70+,F,49.26321841,-123.1148834
2807,18:00-20:59,2/14/2011,Ped-Unk,Severe,50-59,M,49.2385181,-123.1702681
2819,21:00-23:59,2/17/2011,Veh-Ped,Severe,50-59,F,49.24710978,-123.036564
2844,15:00-17:59,3/6/2011,Veh-Cyl,Severe,40-49,M,49.24020915,-123.076405
2846,15:00-17:59,12/4/2010,Veh-Ped,Severe,70+,F,49.28307134,-123.0933613
2848,15:00-17:59,3/8/2011,Ped-Unk,Severe,20-29,M,49.26136953,-123.0697811
2855,18:00-20:59,3/10/2011,Veh-Cyl,Severe,30-39,F,49.23296273,-123.0402279
2861,6:00-8:59,3/14/2011,Veh-Ped,Severe,70+,F,49.24702399,-123.1155094
2863,,3/9/2011,Veh-Ped,Severe,50-59,M,49.26816851,-123.1551355
2897,9:00-11:59,4/5/2011,Veh-Ped,Severe,70+,F,49.23354342,-123.1161922
2900,12:00-14:59,4/6/2011,Veh-Ped,Severe,70+,F,49.25775009,-123.0698509
2908,,4/10/2011,Veh-Ped,Severe,70+,F,49.23415345,-123.0358766
2909,18:00-20:59,4/11/2011,Cyl-Unk,Severe,20-29,M,49.22558116,-123.0975287
2921,0:00-2:59,4/16/2011,Veh-Ped,Severe,20-29,M,49.23702403,-123.0904453
2963,12:00-14:59,5/2/2011,Veh-Ped,Severe,40-49,F,49.24843667,-123.0722098
2969,9:00-11:59,5/3/2011,Veh-Ped,Severe,60-69,M,49.24186874,-123.1393225
2994,15:00-17:59,5/14/2011,Single Cyl,Severe,50-59,F,49.26238234,-123.1230414
2999,18:00-20:59,5/17/2011,Single Cyl,Severe,0-19,M,49.22696578,-123.1398433
3005,15:00-17:59,5/19/2011,Veh-Cyl,Severe,50-59,M,49.20693834,-123.1316889
3020,21:00-23:59,5/24/2011,Single Cyl,Severe,40-49,M,49.21230528,-123.1170248
3021,21:00-23:59,5/25/2011,Veh-Ped,Severe,40-49,M,49.26959959,-123.0696217
3041,6:00-8:59,6/4/2011,Single Cyl,Severe,50-59,M,49.27478428,-123.0608163
3042,15:00-17:59,6/4/2011,Single Cyl,Severe,60-69,M,49.20292174,-123.077401
3051,18:00-20:59,6/7/2011,Single Cyl,Severe,30-39,F,49.27202089,-123.0954507
3058,18:00-20:59,6/16/2011,Single Cyl,Severe,20-29,M,49.27675575,-123.0772281
3060,6:00-8:59,6/17/2011,Veh-Cyl,Severe,30-39,M,49.20292174,-123.077401
3067,12:00-14:59,6/20/2011,Veh-Ped,Severe,70+,M,49.26321841,-123.1148834
3075,0:00-2:59,6/23/2011,Single Cyl,Severe,20-29,M,49.21218977,-123.1099722
3097,15:00-17:59,7/1/2011,Single Cyl,Severe,40-49,M,49.31555276,-123.138343
3098,18:00-20:59,7/2/2011,Cyl-Unk,Severe,50-59,M,49.23477027,-123.1937221
3115,6:00-8:59,7/7/2011,Veh-Cyl,Severe,20-29,F,49.2711823,-123.1004954
3144,0:00-2:59,7/16/2011,Ped-Unk,Severe,60-69,M,49.21585984,-123.1019964
3145,12:00-14:59,7/17/2011,Single Cyl,Severe,50-59,F,49.21585984,-123.1019964
3158,12:00-14:59,7/19/2011,Veh-Cyl,Severe,20-29,M,49.23765694,-123.1279477
3166,18:00-20:59,7/23/2011,Cyl-Unk,Severe,40-49,M,49.27486173,-123.115976
3169,12:00-14:59,7/24/2011,Cyl-Unk,Severe,50-59,F,49.21288192,-123.0770983
3182,12:00-14:59,7/30/2011,Single Cyl,Severe,20-29,M,49.20543212,-123.0233584
3188,6:00-8:59,8/1/2011,Single Cyl,Severe,20-29,F,49.26148601,-123.0842884
3190,15:00-17:59,8/2/2011,Cyl-Cyl,Severe,40-49,F,49.26946257,-123.0309635
3194,18:00-20:59,8/3/2011,Single Cyl,Severe,40-49,M,49.24143454,-123.1278187
3200,15:00-17:59,8/5/2011,Cyl-Ped,Severe,20-29,F,49.27610453,-123.1181308
3204,3:00-5:59,8/5/2011,Veh-Cyl,Severe,30-39,M,49.28306816,-123.0770529
3207,15:00-17:59,8/5/2011,Veh-Ped,Severe,60-69,F,49.22547178,-123.0907739
3211,18:00-20:59,8/9/2011,Single Cyl,Severe,50-59,F,49.25781711,-123.1780769
3214,0:00-2:59,8/11/2011,Veh-Ped,Severe,20-29,F,49.26534695,-123.1384913
3221,15:00-17:59,8/13/2011,Cyl-Unk,Severe,20-29,M,49.23261986,-123.06873
3233,,8/17/2011,Cyl-Ped,Severe,70+,F,49.2685274,-123.2058894
3236,0:00-2:59,8/18/2011,Single Cyl,Severe,20-29,F,49.26238234,-123.1230414
3244,15:00-17:59,8/24/2011,Single Cyl,Severe,30-39,M,49.25789779,-123.0964371
3247,18:00-20:59,8/26/2011,Cyl-Unk,Severe,30-39,F,49.25968436,-123.0852937
3272,6:00-8:59,9/6/2011,Veh-Ped,Severe,50-59,F,49.28401729,-123.1138561
3285,12:00-14:59,9/11/2011,Single Cyl,Severe,60-69,F,49.25281616,-123.0899996
3288,18:00-20:59,9/13/2011,Veh-Ped,Severe,0-19,F,49.23594287,-123.042316
3308,15:00-17:59,9/20/2011,Veh-Ped,Severe,70+,M,49.2767836,-123.0792923
3342,,10/1/2011,Cyl-Cyl,Severe,20-29,M,49.28117423,-123.0617014
3351,,10/4/2011,Ped-Unk,Severe,60-69,M,49.26245815,-123.0871778
3356,18:00-20:59,10/5/2011,Single Cyl,Severe,40-49,M,49.26384757,-123.1541125
3387,3:00-5:59,10/16/2011,Cyl-Unk,Severe,20-29,F,49.22918257,-123.0906613
3418,18:00-20:59,10/28/2011,Veh-Ped,Severe,20-29,F,49.28201065,-123.109759
3442,9:00-11:59,11/3/2011,Cyl-Unk,Severe,30-39,M,49.22900964,-123.0771656
3444,21:00-23:59,11/3/2011,Cyl-Unk,Severe,60-69,M,49.22925243,-123.1267992
3449,6:00-8:59,11/4/2011,Veh-Ped,Severe,70+,F,49.25881356,-123.1200391
3450,,11/4/2011,Veh-Ped,Severe,70+,F,49.27156176,-123.13456
3490,,11/12/2011,Veh-Cyl,Severe,40-49,F,49.24848074,-123.0761522
3493,,11/22/2011,Veh-Ped,Severe,30-39,F,49.24030608,-123.0903465
3498,21:00-23:59,11/23/2011,Veh-Ped,Severe,40-49,F,49.23360486,-123.1555968
3500,18:00-20:59,11/24/2011,Veh-Ped,Severe,20-29,F,49.2695682,-123.0657536
3534,0:00-2:59,12/13/2011,Veh-Ped,Severe,60-69,F,49.26927399,-123.1065726
3553,12:00-14:59,12/27/2011,Veh-Cyl,Severe,20-29,M,49.28592821,-123.1168091
3559,,12/30/2011,Cyl-Unk,Severe,50-59,M,49.21716377,-123.0659592
3563,3:00-5:59,1/1/2012,Veh-Ped,Severe,30-39,M,49.21845771,-123.1018948
3573,21:00-23:59,1/6/2012,Veh-Cyl,Severe,30-39,M,49.23466491,-123.1613373
3578,9:00-11:59,1/7/2012,Single Cyl,Severe,70+,M,49.25372045,-123.0899652
3599,9:00-11:59,1/15/2012,Veh-Ped,Severe,50-59,M,49.23111072,-123.0431081
3609,18:00-20:59,1/20/2012,Veh-Ped,Severe,40-49,M,49.26434787,-123.1848213
3623,18:00-20:59,1/25/2012,Veh-Ped,Severe,70+,M,49.26382852,-123.1529276
3627,21:00-23:59,1/30/2012,Cyl-Ped,Severe,40-49,M,49.24516447,-123.0651533
3654,,2/10/2012,Veh-Ped,Severe,,F,49.26189129,-123.0337576
3657,9:00-11:59,3/7/2011,Veh-Ped,Severe,20-29,M,49.26392416,-123.2152115
3672,12:00-14:59,2/20/2012,Ped-Unk,Severe,70+,F,49.26811185,-123.151566
3678,18:00-20:59,2/22/2012,Veh-Ped,Severe,20-29,M,49.24457034,-123.0366434
3684,9:00-11:59,2/24/2012,Veh-Ped,Severe,60-69,F,49.26849611,-123.1776873
3710,9:00-11:59,3/6/2012,Veh-Ped,Severe,20-29,F,49.2694567,-123.0236427
3726,12:00-14:59,3/10/2012,Cyl-Cyl,Severe,50-59,M,49.26523265,-123.089076
3742,21:00-23:59,3/16/2012,Veh-Ped,Severe,30-39,M,49.27156176,-123.13456
3777,21:00-23:59,3/27/2012,Ped-Unk,Severe,0-19,M,49.22696578,-123.1398433
3787,21:00-23:59,3/30/2012,Veh-Ped,Severe,20-29,F,49.25671752,-123.0898541
3791,0:00-2:59,3/31/2012,Veh-Cyl,Severe,30-39,M,49.225329,-123.080051
3795,21:00-23:59,3/27/2012,Veh-Ped,Severe,0-19,M,49.24186874,-123.1393225
3804,12:00-14:59,4/9/2012,Single Cyl,Severe,0-19,M,49.31555276,-123.138343
3820,,4/13/2012,Veh-Ped,Severe,40-49,F,49.26340646,-123.1265892
3834,9:00-11:59,4/18/2012,Veh-Ped,Severe,40-49,M,49.26423534,-123.0774644
3843,0:00-2:59,4/22/2012,Veh-Ped,Severe,20-29,F,49.26444809,-123.1008951
3850,6:00-8:59,4/23/2012,Veh-Ped,Severe,20-29,F,49.2706987,-123.1478684
3858,21:00-23:59,4/27/2012,Single Cyl,Severe,60-69,M,49.24047261,-123.1852798
3880,15:00-17:59,5/11/2012,Cyl-Cyl,Severe,40-49,M,49.24030608,-123.0903465
3883,15:00-17:59,5/12/2012,Veh-Ped,Severe,60-69,F,49.22021937,-123.0548931
3895,15:00-17:59,5/19/2012,Single Cyl,Severe,50-59,F,49.26869782,-123.0696375
3918,12:00-14:59,5/25/2012,Veh-Ped,Severe,60-69,M,49.23457602,-123.1555619
3946,9:00-11:59,6/4/2012,Cyl-Unk,Severe,0-19,M,49.21305024,-123.134204
3962,15:00-17:59,6/9/2012,Single Cyl,Severe,50-59,M,49.23268402,-123.074272
3992,6:00-8:59,6/21/2012,Cyl-Ped,Severe,20-29,F,49.26348277,-123.1313576
3994,15:00-17:59,6/11/2012,Cyl-Unk,Severe,0-19,M,49.26259284,-123.1361317
4000,12:00-14:59,6/26/2012,Ped-Unk,Severe,70+,F,49.26920434,-123.1027012
4025,18:00-20:59,7/3/2012,Veh-Ped,Severe,50-59,M,49.21825543,-123.0909531
4028,9:00-11:59,7/4/2012,Ped-Unk,Severe,20-29,M,49.23857954,-123.0509473
4032,0:00-2:59,7/6/2012,Veh-Ped,Severe,20-29,F,49.26397938,-123.1624029
4070,15:00-17:59,7/16/2012,Single Cyl,Severe,60-69,M,49.21638868,-123.0770584
4083,9:00-11:59,7/22/2012,Cyl-Unk,Severe,50-59,M,49.2695682,-123.0657536
4085,,,Cyl-Unk,Severe,20-29,M,49.26189129,-123.0337576
4096,12:00-14:59,7/29/2012,Veh-Cyl,Severe,70+,M,49.21845771,-123.1018948
4101,,8/2/2012,Cyl-Cyl,Severe,0-19,M,49.26905724,-123.2119508
4117,15:00-17:59,8/8/2012,Cyl-Cyl,Severe,20-29,M,49.26201146,-123.0495782
4125,9:00-11:59,8/10/2012,Veh-Ped,Severe,70+,M,49.26147817,-123.0833212
4154,15:00-17:59,8/21/2012,Veh-Cyl,Severe,20-29,M,49.23504254,-123.1324971
4158,,8/22/2012,Veh-Ped,Severe,60-69,F,49.26321841,-123.1148834
4161,12:00-14:59,8/25/2012,Veh-Ped,Severe,60-69,M,49.28944211,-123.132289
4164,6:00-8:59,8/27/2012,Cyl-Unk,Severe,20-29,F,49.28028597,-123.0704082
4231,21:00-23:59,9/9/2012,Veh-Ped,Severe,40-49,F,49.22472013,-123.1016646
4239,9:00-11:59,9/22/2012,Single Cyl,Severe,70+,F,49.24518895,-123.1155607
4240,9:00-11:59,9/22/2012,Cyl-Unk,Severe,20-29,M,49.29056119,-123.1305973
4283,,10/8/2012,Ped-Unk,Severe,40-49,F,49.28136456,-123.1198283
4312,,10/17/2012,Single Cyl,Severe,60-69,F,49.24877824,-123.1010372
4315,9:00-11:59,10/19/2012,Veh-Ped,Severe,20-29,F,49.26291341,-123.1009596
4316,9:00-11:59,10/19/2012,Veh-Cyl,Severe,20-29,M,49.26291341,-123.1009596
4337,15:00-17:59,10/23/2012,Veh-Ped,Severe,60-69,M,49.26246198,-123.1009786
4365,,10/31/2012,Veh-Ped,Severe,40-49,M,49.21812717,-123.0770252
4395,21:00-23:59,11/12/2012,Veh-Ped,Severe,40-49,M,49.26836797,-123.1683125
4401,12:00-14:59,11/13/2012,Veh-Ped,Severe,70+,F,49.21712053,-123.1292895
4419,,11/19/2012,Cyl-Ped,Severe,20-29,F,49.26382852,-123.1529276
4442,15:00-17:59,11/27/2012,Veh-Cyl,Severe,50-59,M,49.26321841,-123.1148834
4445,15:00-17:59,11/28/2012,Veh-Ped,Severe,20-29,F,49.22611395,-123.1164924
4452,12:00-14:59,11/28/2012,Single Cyl,Severe,60-69,M,49.23980115,-123.0628793
4462,21:00-23:59,11/30/2012,Ped-Unk,Severe,50-59,M,49.20959895,-123.091144
4477,18:00-20:59,12/5/2012,Veh-Ped,Severe,60-69,M,49.26712031,-123.1432605
4478,15:00-17:59,12/5/2012,Veh-Ped,Severe,60-69,M,49.28251136,-123.1095463
4495,18:00-20:59,12/13/2012,Veh-Ped,Severe,20-29,M,49.25060007,-123.0338047
4496,0:00-2:59,12/13/2012,Veh-Ped,Severe,20-29,M,49.24143454,-123.1278187
4515,,12/16/2012,Veh-Ped,Severe,20-29,M,49.20707081,-123.1244353
4516,,12/16/2012,Veh-Ped,Severe,20-29,F,49.26444809,-123.1008951
4533,0:00-2:59,12/26/2012,Veh-Ped,Severe,20-29,F,49.26802663,-123.1456455
4552,9:00-11:59,1/3/2013,Veh-Ped,Severe,70+,F,49.26231941,-123.0697627
4569,21:00-23:59,1/11/2013,Single Cyl,Severe,30-39,M,49.2637899,-123.150529
4577,9:00-11:59,1/14/2013,Single Cyl,Severe,60-69,M,49.21812717,-123.0770252
4582,,1/15/2013,Veh-Ped,Severe,70+,M,49.2217975,-123.0774229
4614,0:00-2:59,1/26/2013,Cyl-Ped,Severe,20-29,F,49.26392416,-123.2152115
4624,15:00-17:59,1/27/2013,Single Cyl,Severe,60-69,F,49.2579421,-123.1011717
4665,,2/12/2013,Ped-Unk,Severe,40-49,M,49.20292174,-123.077401
4672,0:00-2:59,2/16/2013,Ped-Unk,Severe,20-29,F,49.26308231,-123.1081416
4688,0:00-2:59,2/23/2013,Veh-Ped,Severe,20-29,M,49.25929744,-123.1011137
4691,15:00-17:59,2/25/2013,Veh-Ped,Severe,70+,M,49.20292174,-123.077401
4707,18:00-20:59,3/4/2013,Ped-Unk,Severe,40-49,F,49.28116663,-123.0905056
4729,0:00-2:59,3/12/2013,Veh-Ped,Severe,70+,M,49.2866168,-123.1138666
4738,0:00-2:59,3/17/2013,Veh-Ped,Severe,20-29,M,49.26305137,-123.10683
4759,9:00-11:59,3/25/2013,Veh-Ped,Severe,40-49,M,49.23380638,-123.1238624
4772,18:00-20:59,4/3/2013,Veh-Ped,Severe,30-39,M,49.25743336,-123.0918086
4829,18:00-20:59,4/20/2013,Veh-Cyl,Severe,40-49,M,49.26359788,-123.1385577
4832,21:00-23:59,4/22/2013,Veh-Ped,Severe,20-29,F,49.25568046,-123.1012663
4847,12:00-14:59,4/27/2013,Veh-Ped,Severe,70+,F,49.23278619,-123.1599974
4860,21:00-23:59,5/3/2013,Single Cyl,Severe,30-39,M,49.27308275,-123.1259028
4881,18:00-20:59,4/20/2013,Veh-Cyl,Severe,40-49,M,49.21935069,-123.1401475
4887,18:00-20:59,5/10/2013,Ped-Unk,Severe,30-39,M,49.21669081,-123.0978181
4916,15:00-17:59,5/20/2013,Single Cyl,Severe,20-29,F,49.2534897,-123.1530341
4917,6:00-8:59,5/22/2013,Veh-Ped,Severe,20-29,M,49.26259284,-123.1361317
4920,21:00-23:59,5/22/2013,Veh-Ped,Severe,50-59,M,49.20292174,-123.077401
4935,12:00-14:59,5/26/2013,Veh-Ped,Severe,50-59,F,49.20937554,-123.1189441
4966,,5/20/2013,Cyl-Unk,Severe,40-49,M,49.27538076,-123.137183
4995,,6/13/2013,Veh-Ped,Severe,70+,F,49.26231941,-123.0697627
5015,18:00-20:59,6/18/2013,Veh-Ped,Severe,50-59,M,49.26201051,-123.1009977
5023,3:00-5:59,6/22/2013,Cyl-Unk,Severe,0-19,F,49.26150947,-123.0871915
5066,,7/5/2013,Veh-Cyl,Severe,30-39,M,49.27746634,-123.056575
5067,9:00-11:59,7/5/2013,Veh-Ped,Severe,70+,M,49.25929284,-123.1625797
5071,15:00-17:59,7/6/2013,Cyl-Unk,Severe,40-49,M,49.27067999,-123.1466838
5085,,7/10/2013,Veh-Cyl,Severe,50-59,M,49.22154174,-123.1284936
5090,9:00-11:59,7/11/2013,Single Cyl,Severe,20-29,M,49.25769141,-123.1200697
5118,15:00-17:59,7/20/2013,Veh-Ped,Severe,40-49,F,49.27367602,-123.0844518
5155,18:00-20:59,7/31/2013,Single Cyl,Severe,60-69,M,49.24041175,-123.0969226
5156,15:00-17:59,7/31/2013,Veh-Ped,Severe,60-69,M,49.27067999,-123.1466838
5161,12:00-14:59,8/1/2013,Cyl-Cyl,Severe,50-59,M,49.21679372,-123.1402404
5166,15:00-17:59,8/3/2013,Veh-Cyl,Severe,40-49,M,49.26496344,-123.168433
5173,12:00-14:59,8/6/2013,Single Cyl,Severe,30-39,M,49.25956122,-123.0698156
5182,,8/9/2013,Cyl-Unk,Severe,20-29,F,49.26204552,-123.1030015
5187,21:00-23:59,8/10/2013,Single Cyl,Severe,40-49,F,49.22474187,-123.0410467
5223,15:00-17:59,8/18/2013,Cyl-Unk,Severe,50-59,F,49.26896223,-123.2196288
5233,9:00-11:59,8/21/2013,Cyl-Cyl,Severe,20-29,M,49.27757399,-123.0704721
5281,,7/21/2013,Veh-Ped,Severe,30-39,F,49.24020915,-123.076405
5284,,9/7/2013,Single Cyl,Severe,50-59,M,49.27538076,-123.137183
5304,6:00-8:59,9/16/2013,Veh-Ped,Severe,40-49,F,49.22649396,-123.1267264
5309,9:00-11:59,9/19/2013,Ped-Unk,Severe,50-59,M,49.26363738,-123.1410197
5310,,,Ped-Unk,Severe,20-29,M,49.26231941,-123.0697627
5312,,9/20/2013,Ped-Unk,Severe,40-49,M,49.24848074,-123.0761522
5315,0:00-2:59,9/22/2013,Veh-Ped,Severe,20-29,M,49.24020915,-123.076405
5334,,9/28/2013,Single Cyl,Severe,50-59,F,49.22611395,-123.1164924
5342,9:00-11:59,9/30/2013,Veh-Ped,Severe,60-69,F,49.26201051,-123.1009977
5351,18:00-20:59,10/2/2013,Cyl-Unk,Severe,40-49,F,49.20768694,-123.1229682
5352,18:00-20:59,10/2/2013,Cyl-Unk,Severe,40-49,F,49.20768694,-123.1229682
5373,15:00-17:59,10/5/2013,Veh-Ped,Severe,70+,F,49.22547178,-123.0907739
5374,15:00-17:59,10/5/2013,Veh-Ped,Severe,70+,F,49.22547178,-123.0907739
5375,15:00-17:59,10/5/2013,Single Cyl,Severe,70+,M,49.22547178,-123.0907739
5376,15:00-17:59,10/5/2013,Single Cyl,Severe,70+,M,49.22547178,-123.0907739
5383,3:00-5:59,10/6/2013,Veh-Ped,Severe,20-29,F,49.28441944,-123.1211101
5385,3:00-5:59,10/6/2013,Veh-Ped,Severe,20-29,F,49.28441944,-123.1211101
5425,15:00-17:59,10/12/2013,Single Cyl,Severe,60-69,F,49.23433032,-123.139588
5426,15:00-17:59,10/12/2013,Single Cyl,Severe,60-69,F,49.23433032,-123.139588
5475,21:00-23:59,10/19/2013,Cyl-Unk,Severe,30-39,M,49.24259003,-123.0915558
5476,21:00-23:59,10/19/2013,Cyl-Unk,Severe,30-39,M,49.24259003,-123.0915558
5477,,10/20/2013,Cyl-Unk,Severe,50-59,F,49.22611395,-123.1164924
5478,,10/20/2013,Cyl-Unk,Severe,50-59,F,49.22611395,-123.1164924
5503,,10/24/2013,Cyl-Cyl,Severe,50-59,F,49.26959959,-123.0696217
5504,,10/24/2013,Cyl-Cyl,Severe,50-59,F,49.26959959,-123.0696217
5507,18:00-20:59,10/25/2013,Veh-Cyl,Severe,20-29,M,49.24030608,-123.0903465
5508,18:00-20:59,10/25/2013,Veh-Cyl,Severe,20-29,M,49.24030608,-123.0903465
5511,3:00-5:59,10/26/2013,Veh-Ped,Severe,30-39,F,49.28038547,-123.0996891
5512,3:00-5:59,10/26/2013,Veh-Ped,Severe,30-39,F,49.28038547,-123.0996891
5513,21:00-23:59,10/26/2013,Veh-Cyl,Severe,60-69,M,49.2809529,-123.1224139
5514,21:00-23:59,10/26/2013,Veh-Cyl,Severe,60-69,M,49.2809529,-123.1224139
5525,6:00-8:59,10/29/2013,Veh-Ped,Severe,0-19,M,49.26785274,-123.0773916
5526,6:00-8:59,10/29/2013,Veh-Ped,Severe,0-19,M,49.26785274,-123.0773916
5527,15:00-17:59,10/29/2013,Veh-Ped,Severe,60-69,F,49.26785274,-123.0773916
5528,15:00-17:59,10/29/2013,Veh-Ped,Severe,60-69,F,49.26785274,-123.0773916
5529,21:00-23:59,10/30/2013,Veh-Ped,Severe,0-19,F,49.27011719,-123.1006575
5530,21:00-23:59,10/30/2013,Veh-Ped,Severe,0-19,F,49.27011719,-123.1006575
5561,,9/30/2013,Cyl-Ped,Severe,20-29,F,49.23278598,-123.0487746
5592,12:00-14:59,11/14/2013,Veh-Ped,Severe,20-29,M,49.29685173,-123.026349
5600,18:00-20:59,11/18/2013,Veh-Ped,Severe,0-19,M,49.26824332,-123.1598751
5618,9:00-11:59,11/22/2013,Veh-Ped,Severe,70+,F,49.26201051,-123.1009977
5648,18:00-20:59,12/7/2013,Veh-Ped,Severe,40-49,M,49.23933031,-123.0525663
5657,,12/13/2013,Veh-Ped,Severe,70+,M,49.23765694,-123.1279477
5666,18:00-20:59,12/17/2013,Veh-Ped,Severe,60-69,M,49.28313667,-123.1190966
5667,15:00-17:59,12/17/2013,Veh-Ped,Severe,60-69,F,49.26862298,-123.1857025
5670,12:00-14:59,12/18/2013,Veh-Ped,Severe,50-59,M,49.24050232,-123.1014864
5705,21:00-23:59,1/2/2014,Cyl-Ped,Severe,50-59,M,49.24626429,-123.0338278
5706,0:00-2:59,1/3/2014,Veh-Ped,Severe,0-19,M,49.24108389,-123.1184367
5708,,1/5/2014,Single Cyl,Severe,50-59,M,49.24522141,-123.1852303
5709,12:00-14:59,1/6/2014,Cyl-Ped,Severe,20-29,M,49.27842008,-123.128161
5714,18:00-20:59,1/7/2014,Veh-Ped,Severe,50-59,F,49.21652429,-123.0910018
5726,15:00-17:59,1/10/2014,Veh-Ped,Severe,70+,F,49.26196838,-123.0986388
5746,18:00-20:59,1/20/2014,Veh-Ped,Severe,20-29,F,49.19938176,-123.135837
5764,9:00-11:59,1/26/2014,Veh-Ped,Severe,70+,F,49.21693867,-123.1168544
5770,6:00-8:59,1/28/2014,Ped-Unk,Severe,60-69,M,49.26788729,-123.1122842
5774,9:00-11:59,1/23/2014,Veh-Ped,Severe,60-69,M,49.2596221,-123.0775552
5785,18:00-20:59,2/2/2014,Veh-Ped,Severe,40-49,M,49.27492352,-123.0999329
5795,,2/4/2014,Veh-Ped,Severe,20-29,M,49.26425389,-123.1788451
5815,15:00-17:59,2/10/2014,Veh-Ped,Severe,0-19,M,49.20292174,-123.077401
5855,,2/27/2014,Single Cyl,Severe,40-49,M,49.26813104,-123.1527662
5859,12:00-14:59,2/28/2014,Veh-Ped,Severe,60-69,F,49.25970052,-123.0872288
5864,15:00-17:59,3/4/2014,Veh-Ped,Severe,60-69,F,49.22611395,-123.1164924
5870,6:00-8:59,3/8/2014,Veh-Ped,Severe,50-59,F,49.24952364,-123.1460809
5871,18:00-20:59,3/8/2014,Veh-Ped,Severe,60-69,F,49.25658427,-123.1012275
5879,18:00-20:59,3/11/2014,Veh-Cyl,Severe,60-69,M,49.25658427,-123.1012275
5885,12:00-14:59,3/14/2014,Veh-Cyl,Severe,40-49,M,49.25443175,-123.1273368
5903,15:00-17:59,3/17/2014,Cyl-Cyl,Severe,50-59,F,49.2537073,-123.170121
5912,,3/20/2014,Cyl-Unk,Severe,60-69,M,49.27156176,-123.13456
5930,21:00-23:59,3/26/2014,Veh-Ped,Severe,20-29,M,49.24188342,-123.05813
5948,9:00-11:59,3/30/2014,Veh-Ped,Severe,70+,M,49.27256468,-123.1653417
5977,,4/8/2014,Veh-Ped,Severe,20-29,F,49.21101282,-123.0911022
5986,,4/10/2014,Veh-Ped,Severe,40-49,F,49.25956122,-123.0698156
5994,9:00-11:59,4/11/2014,Veh-Cyl,Severe,50-59,M,49.26231941,-123.0697627
6018,9:00-11:59,4/19/2014,Veh-Ped,Severe,50-59,M,49.26259284,-123.1361317
6020,,4/21/2014,Single Cyl,Severe,30-39,M,49.26862298,-123.1857025
6039,,4/26/2014,,Severe,20-29,F,49.21737186,-123.1402175
6043,15:00-17:59,4/27/2014,Single Cyl,Severe,20-29,M,49.25896532,-123.0566071
6059,15:00-17:59,6/2/2014,Veh-Ped,Severe,60-69,F,49.26916794,-123.1006969
6073,21:00-23:59,6/6/2014,Veh-Cyl,Severe,20-29,M,49.25060007,-123.0338047
6102,9:00-11:59,6/6/2014,Single Cyl,Severe,20-29,F,49.24897211,-123.0733508
6107,12:00-14:59,6/14/2014,Single Cyl,Severe,50-59,M,49.24877824,-123.1010372
6108,,6/14/2014,Veh-Ped,Severe,70+,M,49.2101449,-123.1171107
6120,,6/19/2014,Veh-Ped,Severe,20-29,M,49.22481648,-123.0547505
6122,18:00-20:59,6/22/2014,Ped-Unk,Severe,30-39,F,49.26938917,-123.1776557
6123,15:00-17:59,6/22/2014,Veh-Ped,Severe,60-69,F,49.26201528,-123.0522047
6154,18:00-20:59,6/30/2014,Cyl-Cyl,Severe,30-39,F,49.27852567,-123.0970837
6165,,7/2/2014,Cyl-Ped,Severe,50-59,F,49.23539531,-123.1161186
6167,6:00-8:59,7/3/2014,Veh-Ped,Severe,30-39,F,49.28098543,-123.0802022
6170,9:00-11:59,7/3/2014,Veh-Cyl,Severe,60-69,M,49.21920398,-123.1285906
6171,12:00-14:59,6/21/2014,Single Cyl,Severe,40-49,M,49.26100334,-123.153034
6180,15:00-17:59,7/7/2014,Cyl-Cyl,Severe,30-39,F,49.24020915,-123.076405
6182,,7/8/2014,Cyl-Cyl,Severe,20-29,M,49.2488886,-123.1074491
6201,6:00-8:59,7/13/2014,Single Cyl,Severe,40-49,M,49.22737265,-123.090706
6220,18:00-20:59,7/17/2014,Cyl-Cyl,Severe,40-49,F,49.2462248,-123.0699633
6228,12:00-14:59,7/19/2014,Single Cyl,Severe,30-39,M,49.25971654,-123.0891632
6240,,7/25/2014,Cyl-Cyl,Severe,30-39,M,49.22474187,-123.0410467
6241,,7/25/2014,Veh-Ped,Severe,50-59,M,49.21837044,-123.1401816
6247,,7/26/2014,Veh-Ped,Severe,70+,F,49.26150166,-123.0862236
6251,9:00-11:59,7/27/2014,Cyl-Cyl,Severe,40-49,M,49.26238115,-123.0775006
6255,18:00-20:59,7/29/2014,Cyl-Unk,Severe,20-29,F,49.22598483,-123.1129557
6259,,7/29/2014,Cyl-Unk,Severe,60-69,F,49.22543984,-123.0879841
6262,15:00-17:59,7/29/2014,Veh-Ped,Severe,60-69,F,49.26863914,-123.1866603
6282,0:00-2:59,8/2/2014,Veh-Ped,Severe,30-39,M,49.23271452,-123.077031
6283,15:00-17:59,8/2/2014,Veh-Cyl,Severe,40-49,F,49.20457485,-123.1303776
6295,6:00-8:59,8/6/2014,Veh-Cyl,Severe,20-29,F,49.22991196,-123.0656082
6299,18:00-20:59,8/7/2014,Cyl-Ped,Severe,20-29,F,49.26017955,-123.0983083
6305,,7/28/2010,Veh-Ped,Severe,20-29,M,49.24188342,-123.05813
6309,12:00-14:59,8/9/2014,Veh-Ped,Severe,40-49,F,49.26862298,-123.1857025
6313,21:00-23:59,8/9/2014,Single Cyl,Severe,40-49,M,49.2330791,-123.1015186
6316,,8/10/2014,Single Cyl,Severe,50-59,M,49.23278815,-123.0825707
6317,9:00-11:59,8/10/2014,Single Cyl,Severe,50-59,F,49.27758128,-123.1354328
6337,9:00-11:59,8/16/2014,Veh-Cyl,Severe,70+,M,49.26167234,-123.136166
6338,18:00-20:59,8/18/2014,Cyl-Cyl,Severe,30-39,M,49.26326048,-123.117503
6343,,8/20/2014,Veh-Ped,Severe,0-19,M,49.22441796,-123.176
6360,21:00-23:59,8/25/2014,Single Cyl,Severe,30-39,F,49.263368,-123.1241905
6366,9:00-11:59,8/27/2014,Veh-Ped,Severe,50-59,F,49.20780394,-123.1405475
6368,6:00-8:59,8/28/2014,Cyl-Unk,Severe,30-39,F,49.24877824,-123.1010372
6371,18:00-20:59,8/28/2014,Cyl-Unk,Severe,40-49,M,49.22696578,-123.1398433
6381,15:00-17:59,9/2/2014,Cyl-Ped,Severe,30-39,F,49.21480591,-123.0236007
6390,21:00-23:59,9/5/2014,Cyl-Unk,Severe,40-49,M,49.26077176,-123.1386636
6394,12:00-14:59,9/6/2014,Veh-Ped,Severe,40-49,F,49.28133561,-123.0996488
6398,18:00-20:59,9/6/2014,Veh-Ped,Severe,70+,F,49.25462371,-123.1021052
6406,6:00-8:59,9/10/2014,Veh-Ped,Severe,60-69,F,49.25062541,-123.0442028
6416,15:00-17:59,9/12/2014,Veh-Cyl,Severe,60-69,M,49.26199718,-123.0470219
6422,,9/12/2014,Single Cyl,Severe,0-19,M,49.28318941,-123.0995671
6423,9:00-11:59,9/14/2014,Veh-Ped,Severe,20-29,F,49.26285921,-123.099514
6424,18:00-20:59,9/14/2014,Veh-Ped,Severe,30-39,M,49.24030608,-123.0903465
6428,9:00-11:59,9/15/2014,Veh-Ped,Severe,70+,F,49.28132157,-123.0770929
6430,,9/16/2014,Single Cyl,Severe,20-29,F,49.27857845,-123.0997723
6449,,,Ped-Unk,Severe,0-19,M,49.21729558,-123.0831093
6463,,9/23/2014,Ped-Unk,Severe,50-59,F,49.26238115,-123.0775006
6473,12:00-14:59,9/25/2014,Veh-Ped,Severe,60-69,F,49.21845771,-123.1018948
6502,,10/3/2014,Veh-Ped,Severe,70+,M,49.23015841,-123.1397332
6505,15:00-17:59,10/5/2014,Single Cyl,Severe,50-59,F,49.26147817,-123.0833212
6543,21:00-23:59,10/17/2014,Veh-Ped,Severe,30-39,M,49.26945987,-123.0336927
6547,6:00-8:59,10/17/2014,Veh-Ped,Severe,70+,F,49.2671372,-123.135963
6570,,10/24/2014,Single Cyl,Severe,20-29,F,49.25747283,-123.0984
6572,9:00-11:59,10/25/2014,Single Cyl,Severe,0-19,M,49.2696471,-123.0754254
6579,,10/25/2014,Veh-Ped,Severe,40-49,M,49.2696471,-123.0754254
6582,18:00-20:59,10/26/2014,Veh-Ped,Severe,0-19,M,49.25011309,-123.0760987
6584,15:00-17:59,10/27/2014,Cyl-Ped,Severe,40-49,M,49.23594287,-123.042316
6587,15:00-17:59,10/29/2014,Veh-Ped,Severe,30-39,M,49.23433032,-123.139588
6595,6:00-8:59,10/31/2014,Veh-Ped,Severe,20-29,M,49.26231941,-123.0697627
6606,15:00-17:59,11/3/2014,Veh-Ped,Severe,40-49,M,49.24843883,-123.0566424
6645,9:00-11:59,11/15/2014,Single Cyl,Severe,20-29,F,49.21298808,-123.1300958
6660,15:00-17:59,11/21/2014,Veh-Cyl,Severe,20-29,F,49.21314365,-123.140369
6662,15:00-17:59,11/22/2014,Veh-Cyl,Severe,50-59,M,49.26263193,-123.0959911
6683,18:00-20:59,11/24/2014,Veh-Ped,Severe,30-39,M,49.23594287,-123.042316
6684,,11/27/2014,Veh-Ped,Severe,70+,F,49.27040984,-123.1856366
6685,6:00-8:59,11/27/2014,Veh-Ped,Severe,70+,M,49.21445864,-123.130047
6692,6:00-8:59,11/30/2014,Veh-Ped,Severe,60-69,F,49.24108389,-123.1184367
6721,18:00-20:59,12/10/2014,Veh-Ped,Severe,,F,49.25985093,-123.0965585
6740,12:00-14:59,12/14/2014,Veh-Ped,Severe,30-39,M,49.28114852,-123.0895307
6741,18:00-20:59,12/14/2014,Cyl-Ped,Severe,40-49,M,49.23450086,-123.1506279
6742,9:00-11:59,12/14/2014,Cyl-Unk,Severe,70+,M,49.26359788,-123.1385577
6751,15:00-17:59,12/16/2014,Veh-Ped,Severe,70+,M,49.23765694,-123.1279477
6763,18:00-20:59,12/20/2014,Veh-Ped,Severe,30-39,M,49.26321841,-123.1148834
6765,15:00-17:59,12/20/2014,Veh-Ped,Severe,70+,F,49.24462187,-123.0496419
6767,21:00-23:59,12/22/2014,Ped-Unk,Severe,50-59,F,49.22529435,-123.0772914
6773,18:00-20:59,12/25/2014,Veh-Ped,Severe,70+,F,49.27536296,-123.1299131
6781,12:00-14:59,12/14/2014,Veh-Ped,Severe,30-39,M,49.2233957,-123.0773622
6812,15:00-17:59,1/9/2015,Veh-Ped,Severe,60-69,F,49.2525959,-123.0760166
6826,,1/15/2015,Veh-Cyl,Severe,60-69,M,49.21905358,-123.1167711
6838,6:00-8:59,1/22/2015,Veh-Cyl,Severe,20-29,M,49.2298159,-123.1163429
6839,6:00-8:59,1/22/2015,Veh-Cyl,Severe,30-39,M,49.28138416,-123.1022551
6842,18:00-20:59,1/22/2015,Veh-Ped,Severe,60-69,M,49.21103142,-123.0720995
6859,12:00-14:59,1/24/2015,Ped-Unk,Severe,30-39,M,49.27150639,-123.0773295
6867,,2/1/2015,Single Cyl,Severe,40-49,F,49.23271452,-123.077031
6879,6:00-8:59,2/5/2015,Veh-Ped,Severe,50-59,M,49.2486426,-123.0901571
6894,21:00-23:59,2/9/2015,Ped-Unk,Severe,50-59,F,49.20708634,-123.0568604
6902,6:00-8:59,2/11/2015,Veh-Ped,Severe,20-29,M,49.26816851,-123.1551355
6911,9:00-11:59,2/13/2015,Veh-Ped,Severe,70+,F,49.26321841,-123.1148834
6933,15:00-17:59,2/24/2015,Veh-Ped,Severe,70+,F,49.26343921,-123.0910395
6952,6:00-8:59,2/5/2015,Veh-Ped,Severe,50-59,M,49.25731971,-123.1555425
6955,15:00-17:59,3/6/2015,Veh-Ped,Severe,60-69,M,49.21920398,-123.1285906
6957,12:00-14:59,3/7/2015,Veh-Cyl,Severe,30-39,M,49.22696578,-123.1398433
6960,15:00-17:59,3/7/2015,Veh-Cyl,Severe,40-49,M,49.22348031,-123.1375855
6962,,3/7/2015,Veh-Ped,Severe,60-69,M,49.22176573,-123.0908656
6964,9:00-11:59,3/7/2015,Veh-Ped,Severe,70+,F,49.27490279,-123.2056575
6993,0:00-2:59,3/19/2015,Veh-Ped,Severe,20-29,M,49.27767083,-123.0998124
6998,18:00-20:59,3/19/2015,Veh-Ped,Severe,60-69,F,49.27767083,-123.0998124
6999,0:00-2:59,3/20/2015,Cyl-Ped,Severe,0-19,M,49.22715826,-123.1551522
7003,9:00-11:59,3/20/2015,Veh-Ped,Severe,20-29,M,49.26914521,-123.1610268
7025,21:00-23:59,3/23/2015,Veh-Ped,Severe,50-59,F,49.20845013,-123.1288677
7051,,4/1/2015,Veh-Ped,Severe,50-59,F,49.22529435,-123.0772914
7055,6:00-8:59,4/2/2015,Cyl-Unk,Severe,50-59,M,49.23570178,-123.1853209
7070,18:00-20:59,4/7/2015,Veh-Ped,Severe,50-59,M,49.23328719,-123.1094262
7078,0:00-2:59,4/10/2015,Veh-Cyl,Severe,40-49,F,49.22611395,-123.1164924
7114,15:00-17:59,4/22/2015,Veh-Ped,Severe,70+,F,49.27767083,-123.0998124
7116,12:00-14:59,4/23/2015,Veh-Ped,Severe,20-29,M,49.25660354,-123.075868
7132,9:00-11:59,4/25/2015,Single Cyl,Severe,60-69,F,49.225329,-123.080051
7134,,4/26/2015,Cyl-Unk,Severe,50-59,M,49.21101282,-123.0911022
7150,12:00-14:59,4/30/2015,Cyl-Ped,Severe,20-29,M,49.26836797,-123.1683125
7166,21:00-23:59,5/5/2015,Veh-Ped,Severe,20-29,M,49.27861606,-123.1220219
7168,21:00-23:59,5/5/2015,Cyl-Cyl,Severe,40-49,M,49.27664069,-123.0683715
7186,,5/10/2015,Cyl-Unk,Severe,40-49,F,49.23702403,-123.0904453
7231,,4/12/2013,Single Cyl,Severe,50-59,M,49.25865517,-123.0698333
7248,,,Cyl-Unk,Severe,40-49,F,49.22570654,-123.1037987
7261,9:00-11:59,5/31/2015,Veh-Cyl,Severe,40-49,M,49.22018017,-123.0412907
7284,21:00-23:59,6/8/2015,Veh-Ped,Severe,50-59,F,49.28114605,-123.0565507
7286,18:00-20:59,6/8/2015,Cyl-Unk,Severe,30-39,F,49.26531038,-123.1147416
7288,9:00-11:59,6/9/2015,Single Cyl,Severe,60-69,F,49.23674424,-123.1279788
7289,15:00-17:59,6/10/2015,Veh-Ped,Severe,20-29,F,49.28979594,-123.1294146
7295,,6/10/2015,Veh-Ped,Severe,60-69,M,49.27103652,-123.0773314
7306,9:00-11:59,6/13/2015,Cyl-Cyl,Severe,30-39,M,49.28043451,-123.1022971
7308,12:00-14:59,6/14/2015,Single Cyl,Severe,20-29,M,49.2298159,-123.1163429
7323,9:00-11:59,6/16/2015,Veh-Ped,Severe,20-29,F,49.19938176,-123.135837
7326,15:00-17:59,6/16/2015,Veh-Ped,Severe,40-49,F,49.28489398,-123.1183744
7328,21:00-23:59,6/16/2015,Cyl-Unk,Severe,50-59,F,49.31555276,-123.138343
7346,,6/23/2015,Veh-Cyl,Severe,20-29,M,49.28037163,-123.0771252
7349,0:00-2:59,6/24/2015,Cyl-Cyl,Severe,60-69,M,49.24027466,-123.0860438
7383,9:00-11:59,7/4/2015,Veh-Cyl,Severe,70+,M,49.2642731,-123.0822967
7395,,7/8/2015,Cyl-Unk,Severe,60-69,M,49.20966799,-123.1182476
7435,15:00-17:59,7/18/2015,Veh-Cyl,Severe,40-49,M,49.28066026,-123.1267928
7470,12:00-14:59,7/31/2015,Single Cyl,Severe,20-29,M,49.23354342,-123.1161922
7484,15:00-17:59,8/4/2015,Veh-Ped,Severe,30-39,M,49.2811873,-123.1259961
7489,12:00-14:59,8/6/2015,Veh-Cyl,Severe,60-69,M,49.27342036,-123.1643366
7506,18:00-20:59,8/11/2015,Cyl-Cyl,Severe,0-19,M,49.27226817,-123.1855663
7522,0:00-2:59,8/17/2015,Ped-Unk,Severe,30-39,M,49.2822063,-123.0953414
7568,15:00-17:59,5/26/2015,Veh-Cyl,Severe,50-59,F,49.28133561,-123.0996488
7571,15:00-17:59,8/27/2015,Veh-Ped,Severe,50-59,M,49.2434172,-123.0566552
7582,12:00-14:59,8/31/2015,Veh-Ped,Severe,70+,F,49.26244011,-123.126625
7615,,9/15/2015,Cyl-Cyl,Severe,0-19,M,49.27970704,-123.1076172
7643,12:00-14:59,9/21/2015,Single Cyl,Severe,30-39,F,49.27536296,-123.1299131
7673,18:00-20:59,9/30/2015,Cyl-Unk,Severe,60-69,M,49.23433032,-123.139588
7682,,,Cyl-Unk,Severe,30-39,M,49.27538076,-123.137183
7694,18:00-20:59,10/7/2015,Veh-Cyl,Severe,20-29,M,49.26059932,-123.1278932
7701,3:00-5:59,10/11/2015,Veh-Cyl,Severe,30-39,M,49.24712101,-123.1852135
7702,12:00-14:59,10/11/2015,Cyl-Unk,Severe,50-59,M,49.28022436,-123.0565595
7703,18:00-20:59,10/11/2015,Veh-Ped,Severe,60-69,F,49.2348225,-123.196846
7717,,10/14/2015,Cyl-Unk,Severe,50-59,M,49.24843667,-123.0722098
7730,21:00-23:59,10/16/2015,Veh-Ped,Severe,40-49,F,49.23354342,-123.1161922
7746,9:00-11:59,10/20/2015,Veh-Cyl,Severe,30-39,F,49.27226817,-123.1855663
7806,18:00-20:59,10/8/2015,Veh-Ped,Severe,50-59,M,49.22766297,-123.0772114
7819,15:00-17:59,11/9/2015,Cyl-Ped,Severe,30-39,M,49.26241202,-123.0813672
7828,,11/12/2015,Veh-Ped,Severe,40-49,M,49.26330575,-123.1009429
7843,12:00-14:59,11/15/2015,Veh-Ped,Severe,70+,M,49.21357131,-123.1403539
7844,18:00-20:59,11/15/2015,Veh-Ped,Severe,70+,M,49.24356487,-123.0618096
7862,9:00-11:59,11/21/2015,Veh-Ped,Severe,20-29,M,49.19818075,-123.12405
7875,21:00-23:59,11/25/2015,Veh-Ped,Severe,70+,M,49.26350171,-123.1325419
7879,18:00-20:59,11/26/2015,Cyl-Ped,Severe,60-69,M,49.25849829,-123.1070335
7888,12:00-14:59,11/28/2015,Single Cyl,Severe,30-39,M,49.23380638,-123.1238624
7897,6:00-8:59,11/30/2015,Single Cyl,Severe,50-59,M,49.26637314,-123.0988085
7924,15:00-17:59,12/7/2015,Veh-Ped,Severe,40-49,F,49.21493576,-123.1403056
7952,18:00-20:59,12/17/2015,Veh-Ped,Severe,50-59,F,49.21948169,-123.1505323
7955,12:00-14:59,12/19/2015,Veh-Ped,Severe,70+,F,49.23034757,-123.1319689
7976,,12/29/2015,Cyl-Ped,Severe,50-59,M,49.25966908,-123.0833602
7992,15:00-17:59,1/2/2016,Cyl-Cyl,Severe,50-59,M,49.2436325,-123.0735309
7993,15:00-17:59,12/14/2015,Cyl-Cyl,Severe,40-49,M,49.28128246,-123.0741199
8001,6:00-8:59,1/6/2016,Veh-Ped,Severe,70+,M,49.28111793,-123.0235783
8003,6:00-8:59,1/7/2016,Single Cyl,Severe,50-59,M,49.24803361,-123.1204121
8043,9:00-11:59,1/19/2016,Veh-Ped,Severe,60-69,M,49.25662075,-123.1032321
8047,9:00-11:59,1/20/2016,Veh-Ped,Severe,60-69,M,49.24597672,-123.1012396
8052,21:00-23:59,1/21/2016,Ped-Unk,Severe,70+,M,49.2635595,-123.1360969
8078,,,Ped-Unk,Severe,70+,F,49.22655262,-123.1283157
8089,15:00-17:59,2/4/2016,Veh-Ped,Severe,20-29,M,49.26235011,-123.0736309
8092,0:00-2:59,2/4/2016,Ped-Unk,Severe,70+,M,49.22529435,-123.0772914
8121,18:00-20:59,2/13/2016,Veh-Ped,Severe,50-59,M,49.25011309,-123.0760987
8123,21:00-23:59,2/14/2016,Veh-Ped,Severe,70+,M,49.26238115,-123.0775006
8153,12:00-14:59,2/21/2016,Cyl-Cyl,Severe,30-39,M,49.22655262,-123.1283157
8157,15:00-17:59,2/22/2016,Veh-Cyl,Severe,30-39,M,49.26347915,-123.185889
8174,,2/25/2016,Veh-Ped,Severe,40-49,M,49.20292174,-123.077401
8177,18:00-20:59,2/26/2016,Veh-Ped,Severe,50-59,F,49.29147651,-123.1354342
8190,18:00-20:59,3/2/2016,Ped-Unk,Severe,60-69,M,49.25671752,-123.0898541
8203,15:00-17:59,3/4/2016,Veh-Ped,Severe,40-49,M,49.25949542,-123.1176411
8205,,,Veh-Ped,Severe,60-69,M,49.27538076,-123.137183
8232,18:00-20:59,3/10/2016,Veh-Cyl,Severe,50-59,M,49.23724779,-123.1160455
8235,18:00-20:59,3/11/2016,Veh-Ped,Severe,50-59,M,49.25024843,-123.1010029
8243,15:00-17:59,3/15/2016,Veh-Ped,Severe,70+,M,49.28249189,-123.1280093
8261,12:00-14:59,3/18/2016,Single Cyl,Severe,20-29,M,49.27254022,-123.1526034
8275,,3/24/2016,Veh-Ped,Severe,20-29,F,49.26105942,-123.1565866
8283,18:00-20:59,3/27/2016,Veh-Ped,Severe,70+,F,49.23685247,-123.0768903
8292,12:00-14:59,3/31/2016,Veh-Ped,Severe,50-59,M,49.24143454,-123.1278187
8328,9:00-11:59,4/13/2016,Cyl-Ped,Severe,20-29,M,49.2320728,-123.0655556
8330,9:00-11:59,4/13/2016,Veh-Cyl,Severe,70+,F,49.23333113,-123.1107373
8362,,4/22/2016,Single Cyl,Severe,60-69,M,49.26318198,-123.1128997
8392,18:00-20:59,5/2/2016,Veh-Ped,Severe,40-49,F,49.28251136,-123.1095463
8411,15:00-17:59,5/7/2016,Cyl-Unk,Severe,50-59,F,49.2478855,-123.1122387
8420,,5/10/2016,Single Cyl,Severe,30-39,M,49.19818075,-123.12405
8431,12:00-14:59,5/13/2016,Single Cyl,Severe,50-59,M,49.2388946,-123.0554442
8435,9:00-11:59,5/14/2016,Veh-Ped,Severe,50-59,M,49.21953148,-123.1545187
8469,,5/24/2016,Veh-Ped,Severe,70+,F,49.26340646,-123.1265892
8477,12:00-14:59,5/27/2016,Cyl-Unk,Severe,60-69,F,49.26363738,-123.1410197
8492,,5/30/2016,Single Cyl,Severe,30-39,M,49.27567823,-123.1303841
8508,12:00-14:59,6/1/2016,Single Cyl,Severe,40-49,F,49.22170636,-123.1400535
8511,,6/2/2016,Veh-Cyl,Severe,30-39,F,49.2320215,-123.0311398
8515,18:00-20:59,6/3/2016,Veh-Ped,Severe,20-29,M,49.20782946,-123.1392185
8516,15:00-17:59,6/3/2016,Ped-Unk,Severe,60-69,M,49.26407036,-123.1681743
8520,18:00-20:59,6/4/2016,Veh-Cyl,Severe,40-49,M,49.27492352,-123.0999329
8527,,6/5/2016,Veh-Ped,Severe,70+,F,49.27277625,-123.1000281
8544,15:00-17:59,6/7/2016,Cyl-Ped,Severe,70+,F,49.26820584,-123.1575053
8561,15:00-17:59,6/13/2016,Veh-Ped,Severe,70+,F,49.25003093,-123.1785855
8574,12:00-14:59,6/18/2016,Single Cyl,Severe,50-59,M,49.28233292,-123.1022158
8596,,6/25/2016,Veh-Cyl,Severe,30-39,M,49.27536296,-123.1299131
8623,9:00-11:59,7/5/2016,Cyl-Cyl,Severe,70+,M,49.27277625,-123.1000281
8648,0:00-2:59,7/16/2016,Single Cyl,Severe,30-39,M,49.28113855,-123.0493305
8654,18:00-20:59,7/17/2016,Cyl-Cyl,Severe,20-29,M,49.26794008,-123.1408584
8675,6:00-8:59,7/24/2016,Veh-Ped,Severe,20-29,M,49.263368,-123.1241905
8690,21:00-23:59,7/26/2016,Cyl-Ped,Severe,20-29,F,49.27013966,-123.2058307
8703,18:00-20:59,7/29/2016,Veh-Cyl,Severe,20-29,M,49.28138416,-123.1022551
8712,15:00-17:59,8/1/2016,Veh-Cyl,Severe,30-39,M,49.26318198,-123.1128997
8717,3:00-5:59,8/2/2016,Single Cyl,Severe,20-29,M,49.24272422,-123.0599699
8736,,8/6/2016,Single Cyl,Severe,60-69,M,49.27736393,-123.1131776
8749,21:00-23:59,6/28/2016,Ped-Unk,Severe,60-69,M,49.24485177,-123.1113375
8757,12:00-14:59,8/12/2016,Cyl-Unk,Severe,50-59,F,49.27650884,-123.1252068
8763,,8/15/2016,Veh-Ped,Severe,20-29,F,49.21547674,-123.077068
8782,12:00-14:59,8/19/2016,Cyl-Cyl,Severe,70+,M,49.28114529,-123.0545815
8784,,8/20/2016,Veh-Ped,Severe,0-19,M,49.2451945,-123.1786325
8797,,8/23/2016,Cyl-Ped,Severe,50-59,M,49.27011719,-123.1006575
8798,,8/23/2016,Veh-Ped,Severe,70+,F,49.21905358,-123.1167711
8799,12:00-14:59,8/22/2016,Cyl-Unk,Severe,20-29,M,49.23613655,-123.0444912
8820,,8/29/2016,Veh-Ped,Severe,30-39,M,49.27650884,-123.1252068
8826,6:00-8:59,8/31/2016,Veh-Ped,Severe,40-49,M,49.24614307,-123.1786241
8832,18:00-20:59,9/1/2016,Cyl-Unk,Severe,40-49,M,49.23475373,-123.1787215
8834,0:00-2:59,9/1/2016,Veh-Ped,Severe,50-59,M,49.2650757,-123.0697093
8835,6:00-8:59,9/1/2016,Veh-Ped,Severe,50-59,F,49.23271452,-123.077031
8838,3:00-5:59,9/2/2016,Veh-Ped,Severe,20-29,F,49.26171104,-123.1386286
8839,9:00-11:59,9/2/2016,Veh-Cyl,Severe,20-29,F,49.24186874,-123.1393225
8855,9:00-11:59,9/10/2016,Cyl-Unk,Severe,60-69,F,49.26622882,-123.1252853
8885,12:00-14:59,9/20/2016,Cyl-Unk,Severe,40-49,M,49.24399049,-123.0566541
8906,,9/26/2016,Veh-Ped,Severe,70+,F,49.23594287,-123.042316
8911,9:00-11:59,9/27/2016,Veh-Ped,Severe,70+,M,49.22598483,-123.1129557
8917,21:00-23:59,9/29/2016,Veh-Ped,Severe,70+,F,49.26107962,-123.0977671
8937,21:00-23:59,10/6/2016,Ped-Unk,Severe,20-29,F,49.2596221,-123.0775552
8948,0:00-2:59,10/8/2016,Ped-Unk,Severe,20-29,M,49.26916794,-123.1006969
8984,,10/16/2016,Ped-Unk,Severe,40-49,M,49.23475373,-123.1787215
8986,,10/16/2016,Veh-Ped,Severe,50-59,M,49.26963153,-123.0734913
8996,12:00-14:59,10/18/2016,Veh-Ped,Severe,70+,M,49.25794358,-123.1860894
9013,18:00-20:59,10/24/2016,Veh-Ped,Severe,20-29,M,49.25971654,-123.0891632
9025,,10/27/2016,Veh-Ped,Severe,50-59,F,49.25835922,-123.0891917
9027,,10/28/2016,Veh-Ped,Severe,0-19,M,49.27764881,-123.0772095
9030,9:00-11:59,10/29/2016,Veh-Cyl,Severe,30-39,M,49.24710888,-123.0901744
9040,18:00-20:59,11/1/2016,Veh-Ped,Severe,40-49,F,49.26201051,-123.1009977
9042,9:00-11:59,11/2/2016,Veh-Ped,Severe,60-69,F,49.24030608,-123.0903465
9044,,11/3/2016,Veh-Ped,Severe,40-49,F,49.28313026,-123.0965162
9049,6:00-8:59,11/4/2016,Veh-Ped,Severe,70+,M,49.260653,-123.1010557
9053,0:00-2:59,11/4/2016,Veh-Ped,Severe,40-49,F,49.25780903,-123.077038
9062,,11/7/2016,Single Cyl,Severe,60-69,M,49.24564755,-123.1155418
9073,21:00-23:59,11/11/2016,Veh-Ped,Severe,70+,M,49.24455708,-123.0902436
9088,9:00-11:59,11/16/2016,Veh-Ped,Severe,70+,F,49.28489398,-123.1183744
9089,15:00-17:59,11/17/2016,Veh-Cyl,Severe,40-49,M,49.27681516,-123.0813707
9093,9:00-11:59,11/18/2016,Veh-Ped,Severe,70+,F,49.26371072,-123.2015021
9103,18:00-20:59,11/22/2016,Veh-Ped,Severe,30-39,M,49.21101282,-123.0911022
9120,15:00-17:59,11/25/2016,Veh-Cyl,Severe,20-29,M,49.24127637,-123.1236083
9128,12:00-14:59,11/28/2016,Veh-Ped,Severe,70+,F,49.22715826,-123.1551522
9137,18:00-20:59,12/1/2016,Veh-Cyl,Severe,0-19,M,49.23271452,-123.077031
9147,,,Cyl-Unk,Severe,70+,F,49.24525922,-123.193647
9150,12:00-14:59,12/2/2016,Veh-Ped,Severe,40-49,F,49.26855881,-123.1816956
9164,12:00-14:59,12/7/2016,Veh-Ped,Severe,70+,F,49.26436421,-123.1858568
9209,,12/24/2016,Veh-Ped,Severe,70+,M,49.28123468,-123.0703897
9254,18:00-20:59,1/17/2017,Veh-Ped,Severe,30-39,M,49.23296589,-123.0417135
9335,,2/16/2017,Veh-Ped,Severe,0-19,M,49.26171104,-123.1386286
9347,18:00-20:59,2/19/2017,Veh-Ped,Severe,20-29,F,49.20543212,-123.0233584
9371,15:00-17:59,2/27/2017,Veh-Ped,Severe,20-29,M,49.25837705,-123.0983697
9391,9:00-11:59,3/9/2017,Cyl-Cyl,Severe,50-59,F,49.28158048,-123.139495
9405,6:00-8:59,3/14/2017,Veh-Ped,Severe,60-69,F,49.24843667,-123.0722098
9440,15:00-17:59,3/28/2017,Veh-Ped,Severe,20-29,M,49.25597967,-123.0898815
9462,,4/7/2017,Veh-Ped,Severe,20-29,M,49.22766297,-123.0772114
9474,12:00-14:59,4/8/2017,Cyl-Unk,Severe,60-69,F,49.25458681,-123.0875433
9501,21:00-23:59,4/16/2017,Veh-Ped,Severe,70+,M,49.21105567,-123.0882331
9504,15:00-17:59,4/17/2017,Cyl-Unk,Severe,30-39,M,49.2635595,-123.1360969
9523,18:00-20:59,4/24/2017,Veh-Ped,Severe,30-39,F,49.26151995,-123.1266591
9595,12:00-14:59,5/4/2017,Veh-Cyl,Severe,20-29,F,49.27451779,-123.1192807
9596,12:00-14:59,5/4/2017,Veh-Cyl,Severe,20-29,F,49.27451779,-123.1192807
9603,9:00-11:59,5/7/2017,Single Cyl,Severe,70+,M,49.31555276,-123.138343
9604,9:00-11:59,5/7/2017,Single Cyl,Severe,70+,M,49.31555276,-123.138343
9639,0:00-2:59,5/13/2017,Cyl-Cyl,Severe,30-39,F,49.27764881,-123.0772095
9640,0:00-2:59,5/13/2017,Cyl-Cyl,Severe,30-39,F,49.27764881,-123.0772095
9641,9:00-11:59,5/13/2017,Veh-Cyl,Severe,70+,M,49.28132157,-123.0770929
9642,9:00-11:59,5/13/2017,Veh-Cyl,Severe,70+,M,49.28132157,-123.0770929
9651,21:00-23:59,5/15/2017,Veh-Ped,Severe,20-29,F,49.26382852,-123.1529276
9652,21:00-23:59,5/15/2017,Veh-Ped,Severe,20-29,F,49.26382852,-123.1529276
9671,,5/18/2017,Veh-Ped,Severe,60-69,F,49.27746085,-123.0885062
9672,,5/18/2017,Veh-Ped,Severe,60-69,F,49.27746085,-123.0885062
9681,0:00-2:59,5/21/2017,Ped-Unk,Severe,0-19,M,49.26382852,-123.1529276
9682,0:00-2:59,5/21/2017,Ped-Unk,Severe,0-19,M,49.26382852,-123.1529276
9687,21:00-23:59,5/20/2017,Veh-Ped,Severe,20-29,F,49.28835893,-123.1191395
9688,21:00-23:59,5/20/2017,Veh-Ped,Severe,20-29,F,49.28835893,-123.1191395
9740,18:00-20:59,5/27/2017,Cyl-Cyl,Severe,40-49,M,49.25971654,-123.0891632
9741,18:00-20:59,5/27/2017,Cyl-Cyl,Severe,40-49,M,49.25971654,-123.0891632
9742,6:00-8:59,5/27/2017,Veh-Ped,Severe,70+,F,49.26385275,-123.2106195
9743,6:00-8:59,5/27/2017,Veh-Ped,Severe,70+,F,49.26385275,-123.2106195
9752,,5/29/2017,Cyl-Cyl,Severe,20-29,F,49.26888925,-123.2014427
9757,21:00-23:59,5/29/2017,Single Cyl,Severe,60-69,M,49.26318198,-123.1128997
9758,21:00-23:59,5/29/2017,Single Cyl,Severe,60-69,M,49.26318198,-123.1128997
9777,,7/3/2017,Single Cyl,Severe,50-59,M,49.2757524,-123.1462382
9786,15:00-17:59,7/6/2017,Veh-Ped,Severe,30-39,F,49.27843023,-123.136285
9808,21:00-23:59,7/11/2017,Cyl-Ped,Severe,20-29,M,49.2107292,-123.1301707
9822,,,Cyl-Unk,Severe,60-69,M,49.31555276,-123.138343
9848,12:00-14:59,7/23/2017,Single Cyl,Severe,40-49,F,49.27081775,-123.114945
9852,,7/23/2017,Cyl-Cyl,Severe,50-59,M,49.25011309,-123.0760987
9856,,7/25/2017,Veh-Ped,Severe,40-49,M,49.20292174,-123.077401
9859,,7/26/2017,Cyl-Cyl,Severe,50-59,M,49.2607329,-123.1362012
9865,3:00-5:59,7/28/2017,Veh-Ped,Severe,50-59,M,49.28123838,-123.1084552
9868,0:00-2:59,7/29/2017,Veh-Ped,Severe,30-39,F,49.28217011,-123.0933918
9881,,8/1/2017,Cyl-Ped,Severe,70+,M,49.22696578,-123.1398433
9900,,8/9/2017,Cyl-Unk,Severe,20-29,F,49.21573059,-123.0960069
9914,12:00-14:59,8/14/2017,Cyl-Cyl,Severe,40-49,M,49.25781711,-123.1780769
9916,,8/15/2017,Cyl-Cyl,Severe,50-59,M,49.20292174,-123.077401
9919,,8/17/2017,Single Cyl,Severe,20-29,M,49.22928939,-123.0402854
9932,9:00-11:59,8/24/2017,Cyl-Cyl,Severe,30-39,F,49.26263281,-123.1385943
9942,,8/27/2017,Single Cyl,Severe,50-59,F,49.24843667,-123.0722098
9944,18:00-20:59,8/28/2017,Veh-Ped,Severe,20-29,F,49.21109423,-123.1021937
9951,15:00-17:59,8/29/2017,Cyl-Ped,Severe,40-49,F,49.23230884,-123.0236472
9987,9:00-11:59,7/1/2017,Single Cyl,Severe,60-69,F,49.24236867,-123.1852632
10010,15:00-17:59,9/15/2017,Single Cyl,Severe,60-69,M,49.24363668,-123.1392728
10012,12:00-14:59,9/16/2017,Cyl-Unk,Severe,20-29,M,49.24108389,-123.1184367
10029,15:00-17:59,9/18/2017,Cyl-Unk,Severe,60-69,M,49.22846787,-123.1015203
10030,0:00-2:59,9/20/2017,Veh-Ped,Severe,0-19,F,49.27681516,-123.0813707
10094,,10/9/2017,Single Cyl,Severe,50-59,F,49.24861466,-123.0877662
10134,9:00-11:59,10/20/2017,Veh-Ped,Severe,20-29,F,49.25956122,-123.0698156
10162,18:00-20:59,10/27/2017,Veh-Ped,Severe,60-69,F,49.21056464,-123.0272673
10207,15:00-17:59,11/12/2017,Veh-Ped,Severe,70+,M,49.22547178,-123.0907739
10216,,11/14/2017,Cyl-Unk,Severe,20-29,M,49.26927399,-123.1065726
10220,15:00-17:59,11/15/2017,Veh-Ped,Severe,70+,F,49.26797675,-123.1432292
10239,,11/23/2017,Veh-Ped,Severe,0-19,M,49.27485284,-123.1130062
10242,18:00-20:59,11/23/2017,Veh-Cyl,Severe,40-49,F,49.23476621,-123.185339
10274,,12/2/2017,Veh-Ped,Severe,50-59,F,49.26963153,-123.0734913
10314,12:00-14:59,12/13/2017,Veh-Ped,Severe,50-59,M,49.24518895,-123.1155607
10315,,12/13/2017,Veh-Ped,Severe,50-59,F,49.26386656,-123.1552975
10322,18:00-20:59,12/17/2017,Veh-Ped,Severe,20-29,M,49.23433032,-123.139588
10343,18:00-20:59,12/26/2017,Ped-Unk,Severe,70+,M,49.28335783,-123.0732989
10347,12:00-14:59,12/27/2017,Single Cyl,Severe,60-69,M,49.26960883,-123.070589
10353,18:00-20:59,12/29/2017,Veh-Ped,Severe,20-29,F,49.22611395,-123.1164924
10354,0:00-2:59,12/30/2017,Veh-Ped,Severe,50-59,M,49.28122081,-123.0934318
